{"metadata":{"asset_id":"e63a1f99-c15e-4c31-9368-e5877b0a7ab8","asset_attributes":["data_asset"],"name":"GoldenRetriever.zip","asset_type":"data_asset","created_at":"2020-09-29T08:29:37Z","description":"","origin_country":"us","owner_id":"IBMid-550008YRYN","project_id":"7c94f080-0c00-478d-80be-e834f3a8ad1d","size":8437452,"tags":[],"usage":{"last_update_time":1601368178617,"last_updated_at":"2020-09-29T08:29:38Z"}},"entity":{"data_asset":{"mime_type":"application/zip","dataset":false}},"attachments":[{"id":"95dfd7c1-18fd-4ff9-a3a0-6043f130c6dd","version":2,"asset_type":"data_asset","name":"GoldenRetriever.zip","mime":"application/zip","datasource_type":"193a97c1-4475-4a19-b90c-295c4fdc6517","object_key":"GoldenRetriever.zip","creator_id":"IBMid-550008YRYN","create_time":1601368178617,"size":8437452,"is_remote":false,"is_managed":false,"is_referenced":true,"is_object_key_read_only":true,"is_user_provided_path_key":true,"transfer_complete":true,"is_partitioned":false,"complete_time_ticks":1601368178617,"user_data":{},"test_doc":0,"handle":{"bucket":"classification-donotdelete-pr-y5wlhtsixasb6d","location":"us-geo","key":"GoldenRetriever.zip","upload_id":"done","max_part_num":1},"usage":{"access_count":0,"last_accessor_id":"IBMid-550008YRYN","last_access_time":1601368178617}}]}
