{"metadata":{"asset_id":"f2b134e6-d4d7-4f88-8b4b-7f493464e660","asset_attributes":["data_asset"],"name":"Husky.zip","asset_type":"data_asset","created_at":"2020-09-29T08:32:05Z","description":"","origin_country":"us","owner_id":"IBMid-550008YRYN","project_id":"7c94f080-0c00-478d-80be-e834f3a8ad1d","size":7136472,"tags":[],"usage":{"last_update_time":1601368326546,"last_updated_at":"2020-09-29T08:32:06Z"}},"entity":{"data_asset":{"mime_type":"application/zip","dataset":false}},"attachments":[{"id":"d3da471b-8934-47c0-8fdf-961e760659e3","version":2,"asset_type":"data_asset","name":"Husky.zip","mime":"application/zip","datasource_type":"193a97c1-4475-4a19-b90c-295c4fdc6517","object_key":"Husky.zip","creator_id":"IBMid-550008YRYN","create_time":1601368326546,"size":7136472,"is_remote":false,"is_managed":false,"is_referenced":true,"is_object_key_read_only":true,"is_user_provided_path_key":true,"transfer_complete":true,"is_partitioned":false,"complete_time_ticks":1601368326546,"user_data":{},"test_doc":0,"handle":{"bucket":"classification-donotdelete-pr-y5wlhtsixasb6d","location":"us-geo","key":"Husky.zip","upload_id":"done","max_part_num":1},"usage":{"access_count":0,"last_accessor_id":"IBMid-550008YRYN","last_access_time":1601368326546}}]}
